Date,Close,Open,High,Low,Volume
"Dec 31, 2019",21883.42,21936.26,21965.82,21883.42,76510000
"Dec 30, 2019",21936.26,22058.99,22062.7,21928.96,138560000
"Dec 27, 2019",22058.99,21981.09,22058.99,21950.2,149730000
"Dec 24, 2019",21981.09,21843.35,21981.09,21824.01,62120000
"Dec 23, 2019",21843.35,21674.3,21928.26,21673.64,175540000
"Dec 20, 2019",21674.3,21666.14,21683.16,21570.29,524540000
"Dec 19, 2019",21666.14,21663.13,21687.07,21613.96,296850000
"Dec 18, 2019",21663.13,21690.2,21691.58,21539.02,322080000
"Dec 17, 2019",21690.2,21920.69,21922.22,21542.95,411220000
"Dec 16, 2019",21920.69,21507.79,21935.33,21505.12,535060000
"Dec 13, 2019",21507.79,20793.03,21910.75,20792.9,782880000
"Dec 12, 2019",20793.03,20647.11,20821.78,20642.57,452810000
"Dec 11, 2019",20647.11,20781.09,20791.4,20460.89,375990000
"Dec 10, 2019",20781.09,20922.64,20929.47,20714.71,367880000
"Dec 09, 2019",20922.64,20933.03,20935.88,20801.99,440840000
"Dec 06, 2019",20933.03,20707.33,20933.03,20707.33,304700000
"Dec 05, 2019",20707.33,20665.48,20738.02,20615.92,338250000
"Dec 04, 2019",20665.48,20500.93,20665.48,20464.32,299600000
"Dec 03, 2019",20500.93,20700.21,20705.92,20394.21,333330000
"Dec 02, 2019",20700.21,20812.6,20869.77,20655.73,316490000
"Nov 29, 2019",20812.6,21023.55,21028.89,20812.6,226670000
"Nov 28, 2019",21023.55,20954.32,21029.84,20888.65,238110000
"Nov 27, 2019",20954.32,20864.92,20959.51,20807.11,307040000
"Nov 26, 2019",20864.92,20703.17,20864.92,20686.1,514420000
"Nov 25, 2019",20703.17,20485.81,20703.17,20483.38,297610000
"Nov 22, 2019",20485.81,20369.86,20508.65,20346.27,299940000
"Nov 21, 2019",20369.86,20475.25,20475.25,20240.47,328520000
"Nov 20, 2019",20475.25,20528.48,20528.48,20368.06,263570000
"Nov 19, 2019",20528.48,20440.5,20672.84,20440.5,326250000
"Nov 18, 2019",20440.5,20404.4,20524.27,20388.16,224860000
"Nov 15, 2019",20404.4,20231.8,20404.4,20165.2,248160000
"Nov 14, 2019",20231.8,20289.78,20312.09,20231.47,252520000
"Nov 13, 2019",20289.78,20427.17,20427.17,20205.96,294940000
"Nov 12, 2019",20427.17,20410.03,20434.34,20336.03,372680000
"Nov 11, 2019",20410.03,20357.63,20418.5,20225.88,214420000
"Nov 08, 2019",20357.63,20433.22,20433.22,20312.97,215420000
"Nov 07, 2019",20433.22,20216.59,20439.42,20216.59,278720000
"Nov 06, 2019",20216.59,20294.99,20308.47,20156.98,243090000
"Nov 05, 2019",20294.99,20249.72,20294.99,20216.7,280520000
"Nov 04, 2019",20249.72,20158.77,20271.5,20158.77,225580000
"Nov 01, 2019",20158.77,20021.5,20158.77,20021.26,264720000
"Oct 31, 2019",20021.5,20115.1,20155.08,20021.5,280740000
"Oct 30, 2019",20115.1,20168.33,20168.84,20042.99,240560000
"Oct 29, 2019",20168.33,20210.16,20212.14,20108.31,223130000
"Oct 28, 2019",20210.16,20103.51,20215.13,20081.18,195650000
"Oct 25, 2019",20103.51,20152.15,20153.99,19970.23,267620000
"Oct 24, 2019",20152.15,20180.94,20256.01,20104.14,282090000
"Oct 23, 2019",20180.94,20181.91,20212.28,20084.67,307170000
"Oct 22, 2019",20181.91,20308.79,20334.87,20178.51,406500000
"Oct 21, 2019",20308.79,20228.53,20374.57,20152.25,348330000
"Oct 18, 2019",20228.53,20221.11,20299.39,20164.55,333160000
"Oct 17, 2019",20221.11,20187.96,20439.86,20075.31,395760000
"Oct 16, 2019",20187.96,20196.97,20243.47,19958.99,402900000
"Oct 15, 2019",20196.97,19929.9,20316.86,19928.21,442320000
"Oct 14, 2019",19929.9,20041.71,20049.55,19735.96,350590000
"Oct 11, 2019",20041.71,19235.72,20044.22,19235.72,528020000
"Oct 10, 2019",19235.72,19171.6,19237.38,19080.24,312920000
"Oct 09, 2019",19171.6,19200.9,19258.63,19160.23,260960000
"Oct 08, 2019",19200.9,19420.24,19501.88,19200.9,323730000
"Oct 07, 2019",19420.24,19480.37,19495.74,19374.91,261760000
"Oct 04, 2019",19480.37,19348.16,19480.37,19324.41,268020000
"Oct 03, 2019",19348.16,19476.91,19501.69,19235.76,290560000
"Oct 02, 2019",19476.91,19872.82,19874.1,19476.91,315630000
"Oct 01, 2019",19872.82,19936.67,20025.83,19862.04,653130000
"Sep 30, 2019",19936.67,19970.95,19998.01,19911.68,472920000
"Sep 27, 2019",19970.95,19818.61,19970.95,19818.61,559680000
"Sep 26, 2019",19818.61,19774.92,19903.94,19736.31,309800000
"Sep 25, 2019",19774.92,19919.07,19919.07,19682.73,316060000
"Sep 24, 2019",19919.07,20043.79,20043.79,19906.48,316270000
"Sep 23, 2019",20043.79,20169.4,20188.52,19955.68,307230000
"Sep 20, 2019",20169.4,20089.46,20230.1,20083.34,786760000
"Sep 19, 2019",20089.46,20054.43,20110.27,20039.08,382010000
"Sep 18, 2019",20054.43,20040.54,20104,20028.12,567170000
"Sep 17, 2019",20040.54,20060.3,20062.14,19969.52,760780000
"Sep 16, 2019",20060.3,20195.75,20208.68,20022.21,391220000
"Sep 13, 2019",20195.75,19962.57,20195.75,19941.66,320650000
"Sep 12, 2019",19962.57,19982.16,20049.21,19891.14,297780000
"Sep 11, 2019",19982.16,19738.86,20028.89,19738.86,354070000
"Sep 10, 2019",19738.86,19678.45,19738.86,19649.87,365340000
"Sep 09, 2019",19678.45,19705.52,19794.5,19650.12,316990000
"Sep 06, 2019",19705.52,19649.56,19705.52,19619.72,265430000
"Sep 05, 2019",19649.56,19619.11,19650.18,19577.12,327970000
"Sep 04, 2019",19619.11,19464.14,19640.91,19464.14,412210000
"Sep 03, 2019",19464.14,19481.55,19491.59,19376.89,273050000
"Sep 02, 2019",19481.55,19393.63,19516.77,19378.14,187750000
"Aug 30, 2019",19393.63,19292.5,19437.72,19266.6,298440000
"Aug 29, 2019",19292.5,19202.99,19292.5,19117.1,272480000
"Aug 28, 2019",19202.99,19335.88,19335.88,19123.11,311740000
"Aug 27, 2019",19335.88,19236.13,19341.29,19204.65,349810000
"Aug 23, 2019",19236.13,19205.32,19414.85,19205.32,307660000
"Aug 22, 2019",19205.32,19207.75,19211.63,19136.95,273040000
"Aug 21, 2019",19207.75,19008.09,19207.75,19006.73,261590000
"Aug 20, 2019",19008.09,19097.97,19160.33,19003.12,287870000
"Aug 19, 2019",19097.97,18821.85,19097.97,18820.31,262860000
"Aug 16, 2019",18821.85,18640.65,18821.85,18640.65,269710000
"Aug 15, 2019",18640.65,18731.05,18829.94,18559.26,334500000
"Aug 14, 2019",18731.05,19008.18,19028.28,18713.66,412020000
"Aug 13, 2019",19008.18,18913,19037.84,18804.56,360440000
"Aug 12, 2019",18913,19092.15,19217.68,18913,382510000
"Aug 09, 2019",19092.15,19137.61,19206.59,19078.77,250560000
"Aug 08, 2019",19137.61,18941,19137.61,18941,352900000
"Aug 07, 2019",18941,18846.2,19010.84,18845.94,451210000
"Aug 06, 2019",18846.2,18871.42,19033.23,18845.52,579710000
"Aug 05, 2019",18871.42,19253.17,19253.17,18840.83,326050000
"Aug 02, 2019",19253.17,19634.31,19634.31,19253.17,318050000
"Aug 01, 2019",19634.31,19666.52,19681.24,19573.38,316750000
"Jul 31, 2019",19666.52,19774.82,19779.93,19666.52,367280000
"Jul 30, 2019",19774.82,19886.7,19934.12,19758.74,306260000
"Jul 29, 2019",19886.7,19857.94,19957.64,19847.16,258770000
"Jul 26, 2019",19857.94,19820.35,19887.06,19816.87,265900000
"Jul 25, 2019",19820.35,19787.78,19918.64,19763.01,323900000
"Jul 24, 2019",19787.78,19752.34,19856.33,19752.28,326700000
"Jul 23, 2019",19752.34,19648.01,19771.61,19648.01,267740000
"Jul 22, 2019",19648.01,19621.66,19698.26,19585.15,347080000
"Jul 19, 2019",19621.66,19535.13,19640.22,19531.1,290980000
"Jul 18, 2019",19535.13,19614.2,19614.77,19530.78,236280000
"Jul 17, 2019",19614.2,19656.05,19687.42,19581.11,256910000
"Jul 16, 2019",19656.05,19584.14,19674.09,19534.88,254580000
"Jul 15, 2019",19584.14,19551.83,19634.76,19550.16,246110000
"Jul 12, 2019",19551.83,19443.16,19559.8,19443.16,287290000
"Jul 11, 2019",19443.16,19419.38,19510.84,19417.13,266260000
"Jul 10, 2019",19419.38,19467.37,19480.34,19408.93,293140000
"Jul 09, 2019",19467.37,19581.47,19581.47,19419.36,262030000
"Jul 08, 2019",19581.47,19655.27,19700.13,19565.86,250990000
"Jul 05, 2019",19655.27,19797.61,19837.13,19638.3,209870000
"Jul 04, 2019",19797.61,19790.83,19819.43,19777.05,190540000
"Jul 03, 2019",19790.83,19659.33,19793.46,19655.22,281260000
"Jul 02, 2019",19659.33,19634.66,19689.91,19598.42,356390000
"Jul 01, 2019",19634.66,19462.1,19666.51,19462.1,294580000
"Jun 28, 2019",19462.1,19314.46,19462.1,19313.71,351980000
"Jun 27, 2019",19314.46,19260.39,19324.36,19228.65,344030000
"Jun 26, 2019",19260.39,19286.51,19296.12,19236.02,345430000
"Jun 25, 2019",19286.51,19299.68,19299.68,19171.99,281660000
"Jun 24, 2019",19299.68,19324.6,19394.67,19299.68,241350000
"Jun 21, 2019",19324.6,19384.13,19425.52,19305.26,782280000
"Jun 20, 2019",19384.13,19245.46,19436.23,19244.45,383600000
"Jun 19, 2019",19245.46,19311.79,19340.47,19241.84,352480000
"Jun 18, 2019",19311.79,19157.61,19356.19,19074.34,441830000
"Jun 17, 2019",19157.61,19118.34,19190.04,19116.8,316000000
"Jun 14, 2019",19118.34,19172.37,19193.72,19094.78,280430000
"Jun 13, 2019",19172.37,19250.06,19264.65,19151.64,256960000
"Jun 12, 2019",19250.06,19325.72,19325.72,19187.25,278920000
"Jun 11, 2019",19325.72,19309.6,19360.86,19280.51,294880000
"Jun 10, 2019",19309.6,19232.39,19311.4,19232.39,221330000
"Jun 07, 2019",19232.39,19065.52,19232.39,19065.36,302610000
"Jun 06, 2019",19065.52,19072.17,19139.02,19004.75,268840000
"Jun 05, 2019",19072.17,19002.35,19193.08,18999.14,349410000
"Jun 04, 2019",19008.16,18877.17,19008.16,18756.2,334370000
"Jun 03, 2019",18877.17,18970.25,18971.02,18773.87,298420000
"May 31, 2019",18970.25,19111.51,19111.51,18905.3,318600000
"May 30, 2019",19111.51,18946.11,19122.77,18942.82,261200000
"May 29, 2019",18946.11,19204.93,19204.93,18946.11,331020000
"May 28, 2019",19204.93,19127.26,19229.3,19110.77,656130000
"May 24, 2019",19127.26,19031.21,19170.66,19030.58,311790000
"May 23, 2019",19031.21,19307.27,19307.27,19008.55,427950000
"May 22, 2019",19307.27,19436.36,19508.75,19300.66,417750000
"May 21, 2019",19436.36,19335.59,19481.17,19335.59,492540000
"May 20, 2019",19335.59,19498.61,19498.61,19318.44,261890000
"May 17, 2019",19498.61,19530.65,19548.05,19435.87,270230000
"May 16, 2019",19530.65,19369.77,19533.4,19365.96,309640000
"May 15, 2019",19369.77,19367.42,19453.45,19311.75,345020000
"May 14, 2019",19367.42,19126.88,19367.42,19126.53,331220000
"May 13, 2019",19126.88,19366.8,19374.81,19126.88,316950000
"May 10, 2019",19366.8,19285.58,19471.27,19285.07,354530000
"May 09, 2019",19285.58,19531.91,19538.81,19265.35,348080000
"May 08, 2019",19531.91,19465.69,19548.68,19429.53,310240000
"May 07, 2019",19465.69,19705.17,19712.84,19438.73,338060000
"May 03, 2019",19705.17,19686.66,19746.22,19640.66,322840000
"May 02, 2019",19686.66,19813.74,19814.29,19674.87,368920000
"May 01, 2019",19813.74,19824.81,19878.72,19784.6,363340000
"Apr 30, 2019",19824.81,19911.2,19913.62,19795.72,575000000
"Apr 29, 2019",19911.2,19856.87,19959.5,19856.76,230220000
"Apr 26, 2019",19856.87,19871.05,19926.07,19797.62,281470000
"Apr 25, 2019",19871.05,19993.67,20010.94,19852.24,276770000
"Apr 24, 2019",19993.67,19908.02,19993.67,19879.77,281060000
"Apr 23, 2019",19908.02,19835.93,19908.02,19800.74,308850000
"Apr 18, 2019",19835.93,19858.13,19858.47,19764.19,293100000
"Apr 17, 2019",19858.13,19923.38,19957.68,19858.13,312210000
"Apr 16, 2019",19923.38,19807.09,19930.14,19806.31,289550000
"Apr 15, 2019",19807.09,19711.71,19822.45,19711.4,301650000
"Apr 12, 2019",19711.71,19621.18,19721.77,19543.33,359640000
"Apr 11, 2019",19621.18,19484.84,19621.18,19484.84,340280000
"Apr 10, 2019",19484.84,19433.76,19531.54,19421.4,422860000
"Apr 09, 2019",19433.76,19517.21,19519,19427.58,423250000
"Apr 08, 2019",19517.21,19538.3,19548.65,19483.17,282520000
"Apr 05, 2019",19538.3,19507.33,19551.59,19467.85,310320000
"Apr 04, 2019",19507.33,19563.44,19563.59,19453.44,348940000
"Apr 03, 2019",19563.44,19329.27,19563.44,19327.55,321000000
"Apr 02, 2019",19329.27,19238.76,19329.27,19218.62,296270000
"Apr 01, 2019",19238.76,19117.49,19246.8,19115.53,266740000
"Mar 29, 2019",19117.49,18908.59,19117.81,18908.59,317580000
"Mar 28, 2019",18908.59,18893.74,18988.67,18859.68,256290000
"Mar 27, 2019",18893.74,18896.24,19011.15,18848.7,382610000
"Mar 26, 2019",18896.24,18799.56,18955.65,18778.52,278420000
"Mar 25, 2019",18799.56,18998.46,19000.44,18775.43,272820000
"Mar 22, 2019",18998.46,19347.58,19413.09,18976.01,269610000
"Mar 21, 2019",19347.58,19388.98,19389.67,19217.47,311320000
"Mar 20, 2019",19388.98,19551.29,19560.14,19380.24,381260000
"Mar 19, 2019",19551.29,19486.7,19557.11,19454.42,268190000
"Mar 18, 2019",19486.7,19491.03,19558.48,19397.62,281800000
"Mar 15, 2019",19491.03,19283.06,19495.64,19281.93,605760000
"Mar 14, 2019",19283.06,19180.09,19344.73,19149.06,367090000
"Mar 13, 2019",19180.09,19143.96,19181.59,19090.3,353220000
"Mar 12, 2019",19143.96,19093.06,19232.9,19091.8,306090000
"Mar 11, 2019",19093.06,19047.67,19137.04,19033,265520000
"Mar 08, 2019",19047.67,19183.82,19183.82,18984.38,272320000
"Mar 07, 2019",19183.82,19359.31,19362.34,19136.63,300700000
"Mar 06, 2019",19359.31,19443.14,19452.62,19357.14,304620000
"Mar 05, 2019",19443.14,19411.43,19447.29,19376.3,276820000
"Mar 04, 2019",19411.43,19399.65,19476.88,19387.02,237970000
"Mar 01, 2019",19399.65,19181.35,19399.65,19181.35,302980000
"Feb 28, 2019",19181.35,19153.75,19201.48,19039.97,322950000
"Feb 27, 2019",19153.75,19270.68,19273,19116.17,267210000
"Feb 26, 2019",19270.68,19246.98,19329.26,19147.46,270560000
"Feb 25, 2019",19246.98,19269.59,19274.49,19158.61,278180000
"Feb 22, 2019",19269.59,19236.88,19322.72,19236.66,235450000
"Feb 21, 2019",19236.88,19202.03,19252.98,19168.44,285340000
"Feb 20, 2019",19202.03,19068.89,19202.03,19034.15,292980000
"Feb 19, 2019",19068.89,19127.28,19127.28,19016.4,273620000
"Feb 18, 2019",19127.28,18987.23,19146.93,18948.86,222170000
"Feb 15, 2019",18987.23,18898.2,19030.8,18865.82,279670000
"Feb 14, 2019",18898.2,18972.62,19021.33,18856.77,259930000
"Feb 13, 2019",18972.62,18824.78,18993.79,18808.02,239100000
"Feb 12, 2019",18824.78,18831.78,18895.67,18788.7,269760000
"Feb 11, 2019",18831.78,18652.88,18846.25,18652.64,221670000
"Feb 08, 2019",18652.88,18799.26,18801.79,18652.88,224660000
"Feb 07, 2019",18799.26,19073.41,19073.41,18799.26,262940000
"Feb 06, 2019",19073.41,18996.02,19088.55,18923.55,232530000
"Feb 05, 2019",18996.02,18848.81,18996.02,18848.81,261490000
"Feb 04, 2019",18848.81,18811.37,18864.71,18795.82,266950000
"Feb 01, 2019",18811.37,18711.75,18817.65,18662.74,240170000
"Jan 31, 2019",18711.75,18827.97,18947.44,18685.09,325810000
"Jan 30, 2019",18827.97,18702.61,18828.5,18675.12,257520000
"Jan 29, 2019",18702.61,18534.68,18746.45,18510.1,269180000
"Jan 28, 2019",18534.68,18643.58,18679.28,18534.68,214400000
"Jan 25, 2019",18643.58,18627.63,18690.31,18620.06,236280000
"Jan 24, 2019",18627.63,18582.86,18653.87,18563.07,273510000
"Jan 23, 2019",18582.86,18681.59,18682.22,18557.75,292060000
"Jan 22, 2019",18681.59,18762.83,18807.97,18630.67,277190000
"Jan 21, 2019",18762.83,18764.47,18784.47,18720.01,197280000
"Jan 18, 2019",18764.47,18537.32,18771.35,18537.32,302520000
"Jan 17, 2019",18537.32,18486.73,18537.32,18402.2,231130000
"Jan 16, 2019",18486.73,18429.77,18503.3,18422.74,257080000
"Jan 15, 2019",18429.77,18417.58,18465.63,18356.36,274360000
"Jan 14, 2019",18417.58,18542.31,18542.7,18314.91,237380000
"Jan 11, 2019",18542.31,18435.62,18554.67,18435.62,267720000
"Jan 10, 2019",18435.62,18413.71,18452.76,18354.13,291760000
"Jan 09, 2019",18413.71,18175.79,18433.35,18175.79,299640000
"Jan 08, 2019",18175.79,17976.15,18283.52,17970.05,266840000
"Jan 07, 2019",17976.15,17795.88,17976.15,17795.55,250640000
"Jan 04, 2019",17795.88,17438.91,17795.88,17438.91,244750000
"Jan 03, 2019",17438.91,17586.7,17591.05,17436.82,222420000
"Jan 02, 2019",17586.7,17502.05,17586.7,17249.96,219620000
"Dec 31, 2018",17502.05,17465.05,17563.14,17462.89,71980000
"Dec 28, 2018",17465.05,17090.47,17465.05,17090.47,202380000
"Dec 27, 2018",17090.47,17312.18,17455.4,17054.72,204500000
"Dec 24, 2018",17312.18,17442.98,17442.98,17312.18,69890000
"Dec 21, 2018",17442.98,17446.94,17467.17,17355.36,558680000
"Dec 20, 2018",17446.94,17604.5,17605.65,17245.94,373460000
"Dec 19, 2018",17604.5,17495.04,17652.79,17427.49,357020000
"Dec 18, 2018",17495.04,17416.96,17596.36,17309.2,345120000
"Dec 17, 2018",17416.96,17666.91,17675.36,17416.84,326580000
"Dec 14, 2018",17666.91,17818.56,17818.99,17592.44,284690000
"Dec 13, 2018",17818.56,17988.97,18038.59,17818.56,318070000
"Dec 12, 2018",17988.97,17653.26,17993.64,17637.77,353550000
"Dec 11, 2018",17653.26,17492.31,17795.43,17485.75,321730000
"Dec 10, 2018",17492.31,17844.11,17844.11,17492.31,308600000
"Dec 07, 2018",17844.11,17753.31,18006.75,17753.31,373460000
"Dec 06, 2018",17753.31,18271.1,18271.1,17716.05,366160000
"Dec 05, 2018",18271.1,18329.64,18385.22,18088.57,365890000
"Dec 04, 2018",18329.64,18563.85,18574.32,18329.64,385920000
"Dec 03, 2018",18563.85,18480.83,18774.48,18480.83,341710000
"Nov 30, 2018",18480.83,18609.03,18629.04,18458.66,441480000
"Nov 29, 2018",18609.03,18639.73,18754.12,18607.41,351040000
"Nov 28, 2018",18639.73,18660.89,18735.64,18605.95,341800000
"Nov 27, 2018",18660.89,18719.12,18752.99,18609.61,351870000
"Nov 26, 2018",18719.12,18533.01,18759.84,18531.59,264510000
"Nov 23, 2018",18533.01,18530,18577.76,18454.67,237510000
"Nov 22, 2018",18530,18584.94,18588.38,18409.33,253250000
"Nov 21, 2018",18584.94,18366.36,18584.94,18317.27,343870000
"Nov 20, 2018",18366.36,18540.09,18602.76,18300.09,389420000
"Nov 19, 2018",18540.09,18589.09,18748.63,18524.87,314160000
"Nov 16, 2018",18589.09,18662.21,18822.73,18559.73,324140000
"Nov 15, 2018",18662.21,18910.14,19047.23,18497.11,365000000
"Nov 14, 2018",18910.14,18985.73,19085.66,18859.65,333230000
"Nov 13, 2018",18985.73,18811.58,18998.28,18810.24,298030000
"Nov 12, 2018",18811.58,19106.61,19254.11,18811.58,281430000
"Nov 09, 2018",19106.61,19257.08,19257.08,19088.32,264520000
"Nov 08, 2018",19257.08,19147.22,19321.09,19147.22,271370000
"Nov 07, 2018",19147.22,19043.65,19217.86,19043.23,292630000
"Nov 06, 2018",19043.65,19063.71,19136.44,19025.9,258230000
"Nov 05, 2018",19063.71,19325.73,19325.73,19050.48,221240000
"Nov 02, 2018",19325.73,19171.93,19495.12,19171.93,336020000
"Nov 01, 2018",19171.93,18917.68,19234.06,18860.36,420050000
"Oct 31, 2018",18917.68,18667.73,18991.42,18667.73,375910000
"Oct 30, 2018",18667.73,18566.82,18715.66,18514.58,260640000
"Oct 29, 2018",18566.82,18352.9,18796.25,18352.9,284370000
"Oct 26, 2018",18352.9,18531.53,18531.74,18262.59,292900000
"Oct 25, 2018",18531.53,18406.48,18541.52,18206.14,378320000
"Oct 24, 2018",18406.48,18352.12,18618.8,18350.48,328090000
"Oct 23, 2018",18352.12,18758.22,18758.22,18316.49,432310000
"Oct 22, 2018",18758.22,18795.75,18930.16,18751.61,260880000
"Oct 19, 2018",18795.75,18961.35,18963.94,18777.97,312970000
"Oct 18, 2018",18961.35,19013.97,19082.73,18961.35,284500000
"Oct 17, 2018",19013.97,19149.87,19208.76,18949.97,362800000
"Oct 16, 2018",19149.87,18803.45,19149.87,18803.45,367330000
"Oct 15, 2018",18803.45,18973.45,18973.6,18758.85,341620000
"Oct 12, 2018",18973.45,18827.75,19110.56,18827.75,406090000
"Oct 11, 2018",18827.75,19239.16,19239.16,18827.75,505100000
"Oct 10, 2018",19239.16,19549.6,19564.53,19239.16,393570000
"Oct 09, 2018",19549.6,19646.08,19714.76,19473.87,347560000
"Oct 08, 2018",19646.08,19918.03,19918.65,19646.08,284070000
"Oct 05, 2018",19918.03,20088.7,20113.6,19902.79,335050000
"Oct 04, 2018",20088.7,20300,20301.54,20084.36,354310000
"Oct 03, 2018",20300,20264.86,20351.31,20264.86,292300000
"Oct 02, 2018",20264.86,20401.21,20401.25,20257.39,298930000
"Oct 01, 2018",20401.21,20307.04,20475.16,20307.04,349300000
"Sep 28, 2018",20307.04,20374.21,20390.63,20281.28,351210000
"Sep 27, 2018",20374.21,20436.48,20457.84,20335.68,292890000
"Sep 26, 2018",20436.48,20461.06,20474.2,20413.99,281580000
"Sep 25, 2018",20461.06,20488.07,20559.62,20454.07,298070000
"Sep 24, 2018",20488.07,20590.36,20606.15,20486.83,297970000
"Sep 21, 2018",20590.36,20551.26,20648.56,20551.25,729390000
"Sep 20, 2018",20551.26,20500.45,20551.26,20493.67,351190000
"Sep 19, 2018",20500.45,20458.27,20533.95,20455.77,378250000
"Sep 18, 2018",20458.27,20374.39,20483.45,20371.13,357680000
"Sep 17, 2018",20374.39,20375.87,20392.63,20309.91,267640000
"Sep 14, 2018",20375.87,20243.61,20382.57,20243.61,280240000
"Sep 13, 2018",20243.61,20380.53,20382.06,20218.03,282450000
"Sep 12, 2018",20380.53,20226.42,20390.21,20224.65,337210000
"Sep 11, 2018",20226.42,20259.83,20276.35,20142.72,319630000
"Sep 10, 2018",20259.83,20209.61,20259.83,20180.7,387280000
"Sep 07, 2018",20209.61,20283.49,20297.54,20050.89,354670000
"Sep 06, 2018",20283.49,20388.47,20390.64,20245.4,461410000
"Sep 05, 2018",20388.47,20548.61,20554.07,20335.18,395590000
"Sep 04, 2018",20548.61,20695.85,20784.27,20522.5,309140000
"Sep 03, 2018",20695.85,20689,20734.73,20657.19,214090000
"Aug 31, 2018",20689,20691.75,20770.04,20646.87,320830000
"Aug 30, 2018",20691.75,20736.88,20740,20605.33,253190000
"Aug 29, 2018",20736.88,20849.24,20883.89,20712.25,291470000
"Aug 28, 2018",20849.24,20691.41,20894.9,20691.41,258170000
"Aug 24, 2018",20691.41,20665.47,20702.57,20645.76,215280000
"Aug 23, 2018",20665.47,20642.5,20715.71,20624.55,225060000
"Aug 22, 2018",20642.5,20642.86,20699.46,20602.92,234620000
"Aug 21, 2018",20642.86,20531.15,20661.21,20509.7,261380000
"Aug 20, 2018",20531.15,20444.36,20636.78,20444.36,241390000
"Aug 17, 2018",20444.36,20462.26,20473.21,20368.3,300140000
"Aug 16, 2018",20462.26,20320.35,20496.06,20320.35,353900000
"Aug 15, 2018",20320.35,20509.76,20579.82,20283.33,320900000
"Aug 14, 2018",20509.76,20575.11,20682.2,20509.76,298750000
"Aug 13, 2018",20575.11,20667.45,20667.45,20532.73,254510000
"Aug 10, 2018",20667.45,20806.21,20806.33,20635.39,264340000
"Aug 09, 2018",20806.21,20770.64,20827.74,20729.43,345000000
"Aug 08, 2018",20770.64,20675.64,20774.27,20652.32,343430000
"Aug 07, 2018",20675.64,20639.38,20727.6,20632.55,358180000
"Aug 06, 2018",20639.38,20635.33,20699.12,20620.36,342540000
"Aug 03, 2018",20635.33,20548.97,20698.8,20548.95,289840000
"Aug 02, 2018",20548.97,20801.47,20804.12,20548.97,349780000
"Aug 01, 2018",20801.47,20877.87,20877.87,20718.9,354280000
"Jul 31, 2018",20877.87,20878.25,20941.06,20832.08,446010000
"Jul 30, 2018",20878.25,20868.94,20923.54,20798.02,289920000
"Jul 27, 2018",20868.94,20768.61,20868.94,20752.02,289600000
"Jul 26, 2018",20768.61,20753.6,20796.14,20704.53,311060000
"Jul 25, 2018",20753.6,20852.87,20878.75,20715.01,261600000
"Jul 24, 2018",20852.87,20770.38,20929.2,20765.35,295920000
"Jul 23, 2018",20770.38,20925.68,20925.68,20759.81,241960000
"Jul 20, 2018",20925.68,20907.16,20944.7,20790.81,364860000
"Jul 19, 2018",20907.16,20984.2,20985.12,20864.63,325880000
"Jul 18, 2018",20984.2,20871.27,21028.84,20871.21,309480000
"Jul 17, 2018",20871.27,20800.55,20903.67,20782.57,351820000
"Jul 16, 2018",20800.55,20813.12,20935.07,20800.55,389050000
"Jul 13, 2018",20813.12,20779.77,20943.3,20779.77,265280000
"Jul 12, 2018",20779.77,20642.27,20798.5,20614.57,317920000
"Jul 11, 2018",20642.27,20851.56,20851.76,20576.03,321240000
"Jul 10, 2018",20851.56,20821.16,20883.36,20804.04,306370000
"Jul 09, 2018",20821.16,20618.34,20842.65,20618.34,324980000
"Jul 06, 2018",20618.34,20621.09,20681.54,20567.17,296530000
"Jul 05, 2018",20621.09,20652.51,20705.86,20566.75,281070000
"Jul 04, 2018",20652.51,20665.22,20665.22,20584,219920000
"Jul 03, 2018",20665.22,20605.86,20710.82,20605.75,328860000
"Jul 02, 2018",20605.86,20830.97,20830.97,20554.69,356110000
"Jun 29, 2018",20830.97,20684.16,20860.55,20684.16,342100000
"Jun 28, 2018",20684.16,20844.14,20844.14,20591.31,319200000
"Jun 27, 2018",20844.14,20757.21,20862.29,20624.36,346390000
"Jun 26, 2018",20757.21,20774.42,20875.75,20730.87,298770000
"Jun 25, 2018",20774.42,21009.89,21009.89,20767.84,305640000
"Jun 22, 2018",21009.89,20729.05,21009.89,20723.52,418940000
"Jun 21, 2018",20729.05,20926.38,20994.38,20717.17,291440000
"Jun 20, 2018",20926.38,20835.78,21027.91,20835.78,343540000
"Jun 19, 2018",20835.78,20999.6,20999.6,20761.2,375110000
"Jun 18, 2018",20999.6,21005.52,21024.37,20925.44,318640000
"Jun 15, 2018",21005.52,21324.02,21324.42,21005.52,702850000
"Jun 14, 2018",21324.02,21232.87,21353.22,21072.12,416970000
"Jun 13, 2018",21232.87,21241.64,21307.65,21212.95,335950000
"Jun 12, 2018",21241.64,21318.77,21371.54,21223.96,338260000
"Jun 11, 2018",21318.77,21160.54,21338.89,21154.99,328700000
"Jun 08, 2018",21160.54,21154.71,21192.35,21027.24,306800000
"Jun 07, 2018",21154.71,21171.4,21278.51,21147.55,360880000
"Jun 06, 2018",21171.4,21051.86,21171.88,21051.86,361330000
"Jun 05, 2018",21051.86,21110.6,21134.15,21051.86,319910000
"Jun 04, 2018",21110.6,20984.92,21111.46,20984.92,322290000
"Jun 01, 2018",20984.92,20846.26,21039.03,20845.37,320070000
"May 31, 2018",20846.26,20822.67,20947.35,20803.89,701960000
"May 30, 2018",20822.67,20746.76,20825.4,20706.12,352950000
"May 29, 2018",20746.76,21110.53,21110.53,20746.49,404110000
"May 25, 2018",21110.53,20989.49,21134.12,20989.15,334590000
"May 24, 2018",20989.49,21004.9,21089.26,20989.49,366340000
"May 23, 2018",21004.9,21191.44,21191.7,20995.18,340320000
"May 22, 2018",21191.44,21137.66,21243.26,21136.54,386310000
"May 21, 2018",21137.66,20989.77,21151.32,20989.77,274630000
"May 18, 2018",20989.77,21019.44,21057.73,20922.09,512810000
"May 17, 2018",21019.44,20828.79,21042.29,20777.7,396970000
"May 16, 2018",20828.79,20784.92,20859.84,20771.73,392040000
"May 15, 2018",20784.92,20800.95,20862.11,20767.24,405620000
"May 14, 2018",20800.95,20785.56,20834.19,20734.12,336900000
"May 11, 2018",20785.56,20699.41,20817.18,20698.71,351620000
"May 10, 2018",20699.41,20681.95,20748.62,20653.42,304550000
"May 09, 2018",20681.95,20594.72,20681.95,20555.79,364840000
"May 08, 2018",20594.72,20421.88,20606.71,20421.88,345390000
"May 04, 2018",20421.88,20365.87,20488.33,20365.87,406640000
"May 03, 2018",20365.87,20506.27,20515.08,20345.83,452240000
"May 02, 2018",20506.27,20348.32,20536.78,20348.32,392110000
"May 01, 2018",20348.32,20285.05,20414.75,20279.14,261500000
"Apr 30, 2018",20285.05,20271.63,20370.2,20270.12,336960000
"Apr 27, 2018",20271.63,20137.62,20319.83,20137.16,274320000
"Apr 26, 2018",20137.62,20019.08,20147.09,19994.52,293750000
"Apr 25, 2018",20019.08,20195.31,20195.31,19985.52,336170000
"Apr 24, 2018",20195.31,20316.37,20326.01,20166.67,397110000
"Apr 23, 2018",20316.37,20220.77,20325.43,20220.77,531030000
"Apr 20, 2018",20220.77,20147.16,20249.22,20146.37,336160000
"Apr 19, 2018",20147.16,20012.01,20164.96,20003.67,345110000
"Apr 18, 2018",20012.01,19829.39,20026.64,19829.39,376920000
"Apr 17, 2018",19829.39,19771.52,19863.96,19771.52,403640000
"Apr 16, 2018",19771.52,19838.54,19875.38,19770.41,293120000
"Apr 13, 2018",19838.54,19772.93,19891.86,19726.5,359120000
"Apr 12, 2018",19772.93,19654.96,19780.37,19616.11,434080000
"Apr 11, 2018",19654.96,19675.48,19708.3,19575.35,343680000
"Apr 10, 2018",19675.48,19484.35,19675.48,19484.35,318550000
"Apr 09, 2018",19484.35,19530.17,19641.31,19435.77,278660000
"Apr 06, 2018",19530.17,19576.17,19585.18,19486.01,322090000
"Apr 05, 2018",19576.17,19264.22,19576.17,19264.22,359090000
"Apr 04, 2018",19264.22,19398.01,19398.01,19199.81,366410000
"Apr 03, 2018",19398.01,19460.47,19460.63,19245.22,383420000
"Mar 29, 2018",19460.47,19356.59,19508,19356.59,429610000
"Mar 28, 2018",19356.59,19389.13,19389.13,19165.66,310060000
"Mar 27, 2018",19389.13,19187.09,19448.65,19187.09,330730000
"Mar 26, 2018",19187.09,19319.48,19371.6,19145.47,284500000
"Mar 23, 2018",19319.48,19393.89,19393.89,19091.06,535120000
"Mar 22, 2018",19393.89,19668.04,19680.69,19345.29,437900000
"Mar 21, 2018",19668.04,19723.56,19732.43,19618.26,397280000
"Mar 20, 2018",19723.56,19694.77,19765.81,19668.11,376930000
"Mar 19, 2018",19694.77,19804.9,19845.07,19677.25,475900000
"Mar 16, 2018",19804.9,19828.41,19883.38,19729.3,1020000000
"Mar 15, 2018",19828.41,19820.12,19866.97,19736.26,437470000
"Mar 14, 2018",19820.12,19863.23,19958.37,19813.3,373140000
"Mar 13, 2018",19863.23,20117.53,20128.19,19843.19,459550000
"Mar 12, 2018",20117.53,20085.07,20184.94,20049.32,391980000
"Mar 09, 2018",20085.07,19968.01,20085.07,19968.01,381210000
"Mar 08, 2018",19968.01,19774.17,19976.92,19760.67,369650000
"Mar 07, 2018",19774.17,19690.31,19775.47,19635.63,351740000
"Mar 06, 2018",19690.31,19567,19726.9,19567,368030000
"Mar 05, 2018",19567,19386.54,19567.67,19377.26,356100000
"Mar 02, 2018",19386.54,19551.7,19551.7,19363.73,396150000
"Mar 01, 2018",19551.7,19687.27,19713.28,19516.05,394520000
"Feb 28, 2018",19687.27,19875.78,19875.78,19687.27,412550000
"Feb 27, 2018",19875.78,19828.73,19966.89,19827.5,388520000
"Feb 26, 2018",19828.73,19801.05,19899.98,19801.05,336210000
"Feb 23, 2018",19801.05,19736.06,19805.08,19727.87,382550000
"Feb 22, 2018",19736.06,19788.89,19789.14,19597.99,462770000
"Feb 21, 2018",19788.89,19802.91,19804.5,19674.96,423990000
"Feb 20, 2018",19802.91,19653.57,19823.6,19653.57,294440000
"Feb 19, 2018",19653.57,19733.64,19788.78,19642.96,237610000
"Feb 16, 2018",19733.64,19574.76,19750,19574.76,306630000
"Feb 15, 2018",19574.76,19448.38,19667.72,19448.04,400050000
"Feb 14, 2018",19448.38,19320.08,19482.81,19296.11,387480000
"Feb 13, 2018",19320.08,19379.33,19422.96,19306.29,324000000
"Feb 12, 2018",19379.33,19217.49,19490.68,19217.49,320440000
"Feb 09, 2018",19217.49,19327.69,19327.69,19165.84,418720000
"Feb 08, 2018",19327.69,19691.65,19692.9,19327.69,423890000
"Feb 07, 2018",19691.65,19262.56,19723.93,19262.56,439520000
"Feb 06, 2018",19262.56,19690.49,19690.49,19124.66,573160000
"Feb 05, 2018",19690.49,19962.46,19962.46,19647.8,388430000
"Feb 02, 2018",19962.46,20185.54,20209.94,19962.46,388310000
"Feb 01, 2018",20185.54,20243.6,20333.64,20184.26,386680000
"Jan 31, 2018",20243.6,20370.93,20385.37,20211.22,421490000
"Jan 30, 2018",20370.93,20577.92,20577.92,20370.93,412830000
"Jan 29, 2018",20577.92,20615.58,20715.75,20577.92,306860000
"Jan 26, 2018",20615.58,20521.74,20639.32,20485.34,386600000
"Jan 25, 2018",20521.74,20538.46,20595.93,20459.62,346640000
"Jan 24, 2018",20538.46,20671.2,20712.11,20538.46,349810000
"Jan 23, 2018",20671.2,20655.17,20711.97,20596.43,407460000
"Jan 22, 2018",20655.17,20653.32,20688.61,20618.07,391740000
"Jan 19, 2018",20653.32,20665.02,20679.46,20610.68,356330000
"Jan 18, 2018",20665.02,20769.36,20791.33,20633.96,344270000
"Jan 17, 2018",20769.36,20877.3,20877.3,20752.73,382990000
"Jan 16, 2018",20877.3,20832.77,20907.87,20832.77,350740000
"Jan 15, 2018",20832.77,20859.35,20924.73,20832.77,322580000
"Jan 12, 2018",20859.35,20737.92,20899.92,20737.92,448200000
"Jan 11, 2018",20737.92,20760,20782.76,20697.56,358130000
"Jan 10, 2018",20760,20874.95,20888.32,20737.07,368500000
"Jan 09, 2018",20874.95,20856.56,20911.43,20845.99,317880000
"Jan 08, 2018",20856.56,20932.56,20984.76,20856.56,281620000
"Jan 05, 2018",20932.56,20820.45,20932.56,20781.62,334180000
"Jan 04, 2018",20820.45,20743.9,20820.45,20730.87,322720000
"Jan 03, 2018",20743.9,20681.45,20773.03,20681.45,309720000
"Jan 02, 2018",20681.45,20726.26,20760.56,20620.77,272490000
"Dec 29, 2017",20726.26,20642.31,20734.71,20642.31,112850000
"Dec 28, 2017",20642.31,20640.04,20665.7,20612.06,175010000
"Dec 27, 2017",20640.04,20481.07,20640.04,20479.44,230410000
"Dec 22, 2017",20481.07,20422.73,20502.69,20403.2,154390000
"Dec 21, 2017",20422.73,20350.29,20426.1,20299.95,274970000
"Dec 20, 2017",20350.29,20341.51,20400.67,20295.02,266980000
"Dec 19, 2017",20341.51,20255.4,20405.65,20253.37,380240000
"Dec 18, 2017",20255.4,20048.61,20312.06,20048.61,350080000
"Dec 15, 2017",20048.61,20006.27,20048.61,19962.7,611110000
"Dec 14, 2017",20006.27,20061.4,20061.98,19948.1,426080000
"Dec 13, 2017",20061.4,20073.02,20105.15,20023.39,534290000
"Dec 12, 2017",20073.02,20064.62,20083.09,20003.39,466160000
"Dec 11, 2017",20064.62,19992.54,20073.45,19971.78,329810000
"Dec 08, 2017",19992.54,19810.27,20000.4,19799.38,415340000
"Dec 07, 2017",19810.27,19828.94,19902.08,19774.97,519920000
"Dec 06, 2017",19828.94,19871.08,19871.54,19705.27,401570000
"Dec 05, 2017",19871.08,19935.95,19986.73,19855.81,346900000
"Dec 04, 2017",19935.95,19854.4,20003.26,19854.4,288020000
"Dec 01, 2017",19854.4,19952.89,19986.58,19854.27,428540000
"Nov 30, 2017",19952.89,20059.58,20060.18,19917.1,674840000
"Nov 29, 2017",20059.58,20026.19,20127.03,20019.18,390700000
"Nov 28, 2017",20026.19,19881.26,20030.34,19876.79,338860000
"Nov 27, 2017",19881.26,19944.79,19978.72,19881.26,292040000
"Nov 24, 2017",19944.79,20006.05,20056.1,19944.79,249850000
"Nov 23, 2017",20006.05,20013.86,20038.01,19931.33,274400000
"Nov 22, 2017",20013.86,19943.98,20059.37,19943.89,372880000
"Nov 21, 2017",19943.98,19871.29,19953.88,19818.98,354910000
"Nov 20, 2017",19871.29,19797.83,19878.79,19738.62,301660000
"Nov 17, 2017",19797.83,19850,19861.05,19747.99,309320000
"Nov 16, 2017",19850,19702.78,19850,19702.78,369110000
"Nov 15, 2017",19693.38,19846.6,19850.24,19645.31,411630000
"Nov 14, 2017",19846.6,19787.91,19900.4,19785.51,412030000
"Nov 13, 2017",19787.91,20020.85,20052.04,19765.74,313330000
"Nov 10, 2017",20020.85,20071.87,20088.6,20004.36,277950000
"Nov 09, 2017",20071.87,20300.22,20307.46,20071.87,401570000
"Nov 08, 2017",20300.22,20307.11,20335.82,20266.84,299670000
"Nov 07, 2017",20307.11,20432.6,20465.79,20307.11,718790000
"Nov 06, 2017",20432.6,20472.38,20491.4,20413.55,262690000
"Nov 03, 2017",20472.38,20385.48,20472.38,20383.92,294960000
"Nov 02, 2017",20385.48,20328.24,20412.47,20312.04,380990000
"Nov 01, 2017",20328.24,20227.86,20419.3,20227.86,395660000
"Oct 31, 2017",20227.86,20213.25,20240.48,20187.73,298130000
"Oct 30, 2017",20213.25,20146.06,20244.06,20110.78,288770000
"Oct 27, 2017",20146.06,20163.38,20185.27,20124.74,277230000
"Oct 26, 2017",20163.38,20073.3,20166.92,20057.86,349130000
"Oct 25, 2017",20073.3,20113.21,20149.44,20064.82,282610000
"Oct 24, 2017",20113.21,20131.57,20150.78,20084.42,278860000
"Oct 23, 2017",20131.57,20146.88,20151.65,20099.03,257500000
"Oct 20, 2017",20146.88,20131.52,20194.52,20131.52,324240000
"Oct 19, 2017",20131.52,20259.77,20261.28,20073.78,433060000
"Oct 18, 2017",20259.77,20130.95,20287.86,20130.7,296050000
"Oct 17, 2017",20130.95,20217.13,20226.78,20125.07,360440000
"Oct 16, 2017",20217.13,20259.51,20268.57,20200.82,367890000
"Oct 13, 2017",20259.51,20251.24,20300.41,20214.78,336870000
"Oct 12, 2017",20251.24,20167.78,20251.24,20157.4,319580000
"Oct 11, 2017",20167.78,20146.28,20167.78,20120.2,361970000
"Oct 10, 2017",20146.28,20102.56,20171.55,20100.45,326420000
"Oct 09, 2017",20102.56,20166.54,20191.91,20089.73,277920000
"Oct 06, 2017",20166.54,20088.51,20175.79,20088.51,390890000
"Oct 05, 2017",20088.51,20029.42,20097.33,19992.13,303720000
"Oct 04, 2017",20029.42,20035.35,20045.52,19978.44,365670000
"Oct 03, 2017",20035.35,19957.06,20060.45,19951.43,305500000
"Oct 02, 2017",19957.06,19874.82,19957.06,19874.3,334540000
"Sep 29, 2017",19874.82,19678.46,19874.82,19678.46,379210000
"Sep 28, 2017",19678.46,19569.45,19678.46,19569.45,310900000
"Sep 27, 2017",19569.45,19503.23,19592.98,19478.88,333990000
"Sep 26, 2017",19503.23,19566.42,19567.58,19470.68,340270000
"Sep 25, 2017",19566.42,19517.36,19603.09,19482.79,272140000
"Sep 22, 2017",19517.36,19418.33,19517.36,19345.63,264690000
"Sep 21, 2017",19418.33,19540.77,19542.48,19405.59,290080000
"Sep 20, 2017",19540.77,19535.48,19567.31,19523.15,352910000
"Sep 19, 2017",19535.48,19437.85,19564.82,19437.85,323410000
"Sep 18, 2017",19437.85,19378.16,19449.45,19378.16,297990000
"Sep 15, 2017",19378.16,19523.92,19537.08,19325.21,610340000
"Sep 14, 2017",19523.94,19592.85,19675.1,19512.03,357610000
"Sep 13, 2017",19589.97,19667.51,19667.87,19559.02,368610000
"Sep 12, 2017",19665.87,19695.63,19750.46,19643.64,380940000
"Sep 11, 2017",19694.26,19610.03,19735.31,19609.84,277480000
"Sep 08, 2017",19610.4,19696.5,19696.5,19531.07,361310000
"Sep 07, 2017",19696.68,19651.11,19726.03,19591.17,351800000
"Sep 06, 2017",19652.31,19726.01,19729.83,19593.26,388660000
"Sep 05, 2017",19726.83,19698.7,19791.24,19697.26,279520000
"Sep 04, 2017",19697.91,19786.22,19786.22,19686.44,229820000
"Sep 01, 2017",19786.18,19803.8,19810.54,19733.26,328920000
"Aug 31, 2017",19803.59,19616.35,19803.59,19614.31,419630000
"Aug 30, 2017",19616.56,19525.72,19637.81,19525.72,268770000
"Aug 29, 2017",19527.89,19671.33,19673.9,19472.66,318710000
"Aug 25, 2017",19671.33,19708.55,19749.24,19671.33,292050000
"Aug 24, 2017",19710.3,19742.74,19767.71,19670.67,353080000
"Aug 23, 2017",19743.22,19751.06,19793.38,19713.64,260520000
"Aug 22, 2017",19751.2,19646.69,19759.59,19646.69,286460000
"Aug 21, 2017",19646.9,19625.97,19663.7,19584.05,240060000
"Aug 18, 2017",19626.46,19773.54,19773.54,19566.87,255740000
"Aug 17, 2017",19773.08,19858.43,19874.61,19773.08,263350000
"Aug 16, 2017",19859.24,19694.82,19867.77,19694.27,310880000
"Aug 15, 2017",19694.81,19692.04,19723.01,19663.09,252190000
"Aug 14, 2017",19692.47,19545.14,19704.68,19544.96,271100000
"Aug 11, 2017",19544.79,19699.19,19699.5,19440.57,362730000
"Aug 10, 2017",19699.42,19875.03,19879.72,19691.16,298430000
"Aug 09, 2017",19875.03,19948.54,19948.75,19789.11,324190000
"Aug 08, 2017",19949.49,19988.33,19988.76,19940.08,288590000
"Aug 07, 2017",19988.5,19969.63,20012.73,19952.15,262190000
"Aug 04, 2017",19969.73,19907.19,19978.26,19835.27,276300000
"Aug 03, 2017",19908.24,19840.87,19915.49,19794.48,347210000
"Aug 02, 2017",19841.41,19863.5,19934.36,19816.47,330580000
"Aug 01, 2017",19863.6,19779.26,19883.62,19779.26,315330000
"Jul 31, 2017",19781.14,19726.81,19812.02,19726.81,344980000
"Jul 28, 2017",19728.19,19879.34,19887.08,19669.02,279090000
"Jul 27, 2017",19879.43,19761.15,19899.8,19755.91,336410000
"Jul 26, 2017",19762.66,19640.7,19784.09,19639.61,335000000
"Jul 25, 2017",19641.28,19616.33,19699.64,19601.83,324010000
"Jul 24, 2017",19616.25,19750.42,19750.42,19531.15,371550000
"Jul 21, 2017",19751.24,19762.63,19812.05,19647.44,341870000
"Jul 20, 2017",19763.94,19695.14,19763.94,19695.14,312290000
"Jul 19, 2017",19693.93,19612.64,19693.93,19563.76,363900000
"Jul 18, 2017",19613.38,19520.66,19614.48,19483.82,379490000
"Jul 17, 2017",19520.59,19408.75,19534.21,19407.27,328260000
"Jul 14, 2017",19408.36,19416.83,19426.79,19364.32,283170000
"Jul 13, 2017",19418.34,19267.81,19420.68,19266.92,395910000
"Jul 12, 2017",19267.86,19214.63,19329.48,19182.45,443170000
"Jul 11, 2017",19215.39,19357.34,19406.07,19183.22,390540000
"Jul 10, 2017",19357.41,19395,19437.19,19295.05,364900000
"Jul 07, 2017",19395.14,19370.92,19395.14,19291.73,282870000
"Jul 06, 2017",19369.06,19450.36,19475.63,19313.95,342630000
"Jul 05, 2017",19451.22,19301.4,19451.22,19290.07,358620000
"Jul 04, 2017",19301.47,19320.5,19336.46,19248.73,336140000
"Jul 03, 2017",19320.43,19338.59,19436.99,19267.75,378150000
"Jun 30, 2017",19340.15,19346.48,19412.18,19277.28,412390000
"Jun 29, 2017",19346.37,19476.23,19536.76,19305.99,480170000
"Jun 28, 2017",19476.35,19525.89,19556.87,19393.23,414720000
"Jun 27, 2017",19526.8,19686.19,19686.19,19505.09,332580000
"Jun 26, 2017",19684.62,19685.09,19783.1,19684.62,280680000
"Jun 23, 2017",19685.09,19660.01,19705.57,19618.57,302770000
"Jun 22, 2017",19658.42,19683.4,19687.98,19604.51,354530000
"Jun 21, 2017",19682.61,19774.4,19783.27,19649.87,376980000
"Jun 20, 2017",19771.71,19875.6,19934.48,19771.71,374480000
"Jun 19, 2017",19873.3,19817.97,19907.91,19810.07,308730000
"Jun 16, 2017",19816.39,19553.66,19824.84,19553.66,881450000
"Jun 15, 2017",19553.66,19974.7,19976.82,19403.28,464760000
"Jun 14, 2017",19974.7,19859.54,20033.14,19856.36,358080000
"Jun 13, 2017",19859.54,19682.7,19897.84,19682.7,357390000
"Jun 12, 2017",19682.7,19769.96,19770.4,19651.78,315880000
"Jun 09, 2017",19769.96,19743.41,19791.48,19552.8,400630000
"Jun 08, 2017",19743.41,19695.92,19743.41,19656.63,356680000
"Jun 07, 2017",19695.92,19654.84,19769.57,19654.84,355490000
"Jun 06, 2017",19654.84,19868.67,19870.05,19625.88,373780000
"Jun 05, 2017",19868.67,20002.75,20048.18,19863.25,261600000
"Jun 02, 2017",20002.75,20010.62,20081.74,19974.45,471220000
"Jun 01, 2017",20010.62,19972.17,20057.61,19951.02,372170000
"May 31, 2017",19972.17,19991.85,20031.17,19947.9,524520000
"May 30, 2017",19991.85,20024.92,20028.12,19943.97,371960000
"May 26, 2017",20024.92,19967.58,20050.68,19958.62,575060000
"May 25, 2017",19967.58,19950.52,19994.34,19901.3,375590000
"May 24, 2017",19950.52,19920.12,19965.29,19902.08,343330000
"May 23, 2017",19920.12,19912.55,19984.66,19898.88,295690000
"May 22, 2017",19912.55,19812.8,19933.72,19812.2,306660000
"May 19, 2017",19812.8,19691.64,19836.2,19691.64,341940000
"May 18, 2017",19691.64,19773.59,19773.75,19538.13,389950000
"May 17, 2017",19773.59,19875.89,19876.91,19737.04,339240000
"May 16, 2017",19875.89,19751.01,19875.89,19730.62,338740000
"May 15, 2017",19751.01,19762.97,19825.81,19735.84,303420000
"May 12, 2017",19762.97,19795.69,19818.08,19727.57,296410000
"May 11, 2017",19795.69,19876.81,19879.65,19748.75,441490000
"May 10, 2017",19876.81,19816.95,19890.14,19806.29,359180000
"May 09, 2017",19816.95,19729.66,19835.71,19729.66,352730000
"May 08, 2017",19729.66,19699.61,19745.57,19655.23,330400000
"May 05, 2017",19699.61,19680.81,19699.61,19600.39,330090000
"May 04, 2017",19680.81,19683.39,19711.8,19617.89,358440000
"May 03, 2017",19683.39,19805.29,19805.59,19652.22,335160000
"May 02, 2017",19805.29,19615.36,19805.29,19615.36,370380000
"Apr 28, 2017",19615.36,19636.64,19673.94,19610.88,336590000
"Apr 27, 2017",19636.64,19678.82,19678.82,19576.66,294360000
"Apr 26, 2017",19678.82,19582.33,19683.95,19525.6,383190000
"Apr 25, 2017",19582.33,19602.83,19647.61,19582.33,342360000
"Apr 24, 2017",19602.83,19358.36,19621.69,19357.51,309730000
"Apr 21, 2017",19358.36,19378.75,19415.13,19337.87,319180000
"Apr 20, 2017",19378.75,19417.76,19450.05,19305.04,339870000
"Apr 19, 2017",19417.76,19297.91,19505.34,19283.75,382630000
"Apr 18, 2017",19297.91,19525.33,19527.22,19273.68,400800000
"Apr 13, 2017",19525.33,19423.94,19525.33,19337.86,335730000
"Apr 12, 2017",19423.94,19306.52,19433.79,19306.52,338210000
"Apr 11, 2017",19306.52,19264.6,19382.28,19239.5,321200000
"Apr 10, 2017",19264.6,19229.69,19277.99,19227.04,282660000
"Apr 07, 2017",19229.69,19126.08,19229.69,19073.1,305580000
"Apr 06, 2017",19126.08,19069.33,19126.08,18952.64,318800000
"Apr 05, 2017",19069.33,19020.13,19081.44,19003.39,320010000
"Apr 04, 2017",19020.13,18954.24,19038.82,18951.81,293850000
"Apr 03, 2017",18954.24,18971.83,19018.06,18923.61,309600000
"Mar 31, 2017",18971.83,19011.93,19014.86,18881.24,396340000
"Mar 30, 2017",19011.93,18978.65,19016.28,18950.65,310660000
"Mar 29, 2017",18978.65,18953.34,18989.29,18914.33,397310000
"Mar 28, 2017",18953.34,18900.01,18960.74,18848.69,403540000
"Mar 27, 2017",18900.01,18980.44,18980.44,18857.61,278110000
"Mar 24, 2017",18980.44,19002.27,19025.61,18912.98,318860000
"Mar 23, 2017",19002.27,18832.94,19033.43,18789.39,357860000
"Mar 22, 2017",18832.94,18988.02,18988.02,18739.94,365880000
"Mar 21, 2017",18988.02,19151.8,19183.9,18984.37,304960000
"Mar 20, 2017",19151.8,19094.91,19164.62,19058.15,286830000
"Mar 17, 2017",19094.91,19027.02,19094.91,19001.58,737140000
"Mar 16, 2017",19027.02,18963.96,19062.76,18963.96,393020000
"Mar 15, 2017",18963.96,18951.12,18993.34,18867.38,346320000
"Mar 14, 2017",18951.12,19029.17,19053.85,18926.37,353100000
"Mar 13, 2017",19029.17,18961.42,19048.96,18961.42,361770000
"Mar 10, 2017",18961.42,18891.54,18991.39,18891.54,359480000
"Mar 09, 2017",18891.54,18931.07,18938.44,18813.59,343380000
"Mar 08, 2017",18931.07,18885.94,18959.06,18873.65,381310000
"Mar 07, 2017",18885.94,18881.37,18946.25,18866.53,359260000
"Mar 06, 2017",18881.37,18882.86,18902.24,18842.88,330470000
"Mar 03, 2017",18882.86,18950.85,18951.99,18788.48,346930000
"Mar 02, 2017",18950.85,18983.01,19009.64,18876.51,444220000
"Mar 01, 2017",18983.01,18770.71,18983.01,18745.7,435880000
"Feb 28, 2017",18770.71,18671.06,18797.34,18650.22,378600000
"Feb 27, 2017",18671.06,18588.64,18724.47,18588.64,497110000
"Feb 24, 2017",18588.64,18643.48,18658.6,18528.73,332180000
"Feb 23, 2017",18643.48,18677.59,18738.55,18636.13,342410000
"Feb 22, 2017",18677.59,18772.21,18807.3,18660.64,336090000
"Feb 21, 2017",18772.21,18746.22,18779.99,18710.84,299340000
"Feb 20, 2017",18746.22,18707.49,18760.96,18685.14,230250000
"Feb 17, 2017",18707.49,18705.72,18788.04,18629.87,286370000
"Feb 16, 2017",18705.72,18827.2,18841.38,18686.21,330270000
"Feb 15, 2017",18827.2,18787.52,18864.22,18787.52,315310000
"Feb 14, 2017",18787.52,18758.78,18805.9,18692.48,299250000
"Feb 13, 2017",18758.78,18715.36,18776.6,18714.63,284470000
"Feb 10, 2017",18715.36,18627.59,18723.64,18625.4,354530000
"Feb 09, 2017",18627.59,18606.07,18651.86,18559.58,360760000
"Feb 08, 2017",18606.07,18559.7,18665.3,18550.43,361730000
"Feb 07, 2017",18559.7,18377.37,18584.41,18375.76,319170000
"Feb 06, 2017",18377.37,18411.67,18446.91,18338.61,234180000
"Feb 03, 2017",18411.67,18259.16,18425.48,18258.79,323040000
"Feb 02, 2017",18259.16,18240.2,18285.08,18178.05,346510000
"Feb 01, 2017",18240.2,18147.77,18263.21,18147.77,396360000
"Jan 31, 2017",18147.77,18081.82,18208.9,18069.27,428280000
"Jan 30, 2017",18081.82,18190.8,18190.8,18054.62,307540000
"Jan 27, 2017",18190.8,18142.66,18191.57,18131.32,360110000
"Jan 26, 2017",18142.66,18133.35,18191.69,18132.69,292680000
"Jan 25, 2017",18133.35,18100.7,18186.58,18100.7,336190000
"Jan 24, 2017",18100.7,18116.03,18148.49,18040.47,287690000
"Jan 23, 2017",18116.03,18150.84,18154.15,18079.27,257290000
"Jan 20, 2017",18150.84,18223.72,18245.25,18142.26,268130000
"Jan 19, 2017",18223.72,18312.8,18315.83,18201.26,280510000
"Jan 18, 2017",18312.8,18240.96,18312.8,18206.63,329740000
"Jan 17, 2017",18240.96,18307.71,18308.18,18224.9,275200000
"Jan 16, 2017",18307.71,18371.94,18372.14,18294.46,249830000
"Jan 13, 2017",18371.94,18303.5,18371.94,18303.3,355710000
"Jan 12, 2017",18303.5,18394.11,18398.06,18261,316350000
"Jan 11, 2017",18394.11,18413.27,18429.84,18354.69,313130000
"Jan 10, 2017",18413.27,18379.63,18428.79,18362.64,284090000
"Jan 09, 2017",18379.63,18341.19,18407.06,18292.29,324120000
"Jan 06, 2017",18341.19,18308.23,18354.5,18263.06,260140000
"Jan 05, 2017",18308.23,18151.29,18344.31,18151.29,276970000
"Jan 04, 2017",18151.29,18140.68,18172.36,18105.22,298800000
"Jan 03, 2017",18140.68,18077.27,18190.62,18076.46,304860000
"Dec 30, 2016",18077.27,18029.5,18077.27,17998.4,111120000
"Dec 29, 2016",18029.5,18012.81,18035.31,17971.94,148090000
"Dec 28, 2016",18012.81,17909.59,18013,17891,171040000
"Dec 23, 2016",17909.59,17891.62,17953.53,17882.48,93400000
"Dec 22, 2016",17891.62,17745.41,17891.62,17742.76,202050000
"Dec 21, 2016",17745.41,17769.85,17811.97,17706.92,233430000
"Dec 20, 2016",17769.85,17782.4,17848.11,17729.88,259870000
"Dec 19, 2016",17782.4,17784.79,17813.47,17738.16,287110000
"Dec 16, 2016",17784.79,17769.35,17825.79,17720.25,460560000
"Dec 15, 2016",17769.35,17682.38,17778.74,17620.83,393690000
"Dec 14, 2016",17682.38,17715.62,17715.62,17630.03,416410000
"Dec 13, 2016",17715.62,17641.15,17715.62,17590.69,342710000
"Dec 12, 2016",17641.15,17733.12,17786.44,17625.17,305620000
"Dec 09, 2016",17733.12,17681.99,17754.69,17669.6,314850000
"Dec 08, 2016",17681.99,17625.53,17691.93,17607.16,345080000
"Dec 07, 2016",17625.53,17452.09,17625.53,17452.09,361840000
"Dec 06, 2016",17452.09,17461.86,17470,17381.89,307330000
"Dec 05, 2016",17461.86,17435.28,17521.42,17408.8,272810000
"Dec 02, 2016",17435.28,17497.34,17497.34,17347.52,275410000
"Dec 01, 2016",17497.34,17545.75,17578.14,17406.88,325520000
"Nov 30, 2016",17545.75,17532.06,17602.47,17517.1,459320000
"Nov 29, 2016",17532.06,17518.34,17572.52,17476.03,266350000
"Nov 28, 2016",17518.34,17603.42,17605.44,17471.24,244930000
"Nov 25, 2016",17603.42,17590.62,17619.28,17542.56,253520000
"Nov 24, 2016",17590.62,17622.52,17669.34,17545.62,219830000
"Nov 23, 2016",17622.52,17679.06,17792.36,17595.05,326010000
"Nov 22, 2016",17679.06,17527.55,17715.75,17527.28,287390000
"Nov 21, 2016",17527.55,17659.22,17685.73,17490.33,280730000
"Nov 18, 2016",17659.22,17600.94,17683.46,17538.58,274780000
"Nov 17, 2016",17600.94,17473.97,17600.94,17470.02,327850000
"Nov 16, 2016",17473.97,17573.1,17630.22,17470.09,254230000
"Nov 15, 2016",17573.1,17472.4,17694.1,17472.4,278840000
"Nov 14, 2016",17472.4,17444.97,17618.31,17444.81,276730000
"Nov 11, 2016",17444.97,17659.47,17700.76,17401.45,345830000
"Nov 10, 2016",17659.47,17590.99,17959.14,17590.99,410440000
"Nov 09, 2016",17590.99,17447.79,17590.99,17067.95,339460000
"Nov 08, 2016",17447.79,17457.66,17510.98,17390.4,234040000
"Nov 07, 2016",17457.66,17271.24,17489.74,17271.24,236710000
"Nov 04, 2016",17271.24,17581.91,17582.29,17237.28,299280000
"Nov 03, 2016",17581.91,17463.46,17787.21,17454.9,369180000
"Nov 02, 2016",17463.46,17523.3,17523.3,17405.05,303750000
"Nov 01, 2016",17523.3,17544.24,17596.59,17491.35,278670000
"Oct 31, 2016",17544.24,17644.83,17644.83,17493.83,269300000
"Oct 28, 2016",17644.83,17581.32,17678.45,17426.64,261780000
"Oct 27, 2016",17581.32,17668.98,17689.7,17508.02,259390000
"Oct 26, 2016",17668.98,17801.85,17802.89,17594.55,262130000
"Oct 25, 2016",17801.85,17860.52,17900.59,17786.67,271390000
"Oct 24, 2016",17860.52,17934.24,18045.51,17854.09,241050000
"Oct 21, 2016",17934.24,17945.05,17979.52,17895.48,215950000
"Oct 20, 2016",17945.05,18040.53,18064.07,17903.32,268480000
"Oct 19, 2016",18040.53,17994.41,18040.53,17882.85,299070000
"Oct 18, 2016",17994.41,17792.5,18017.39,17792.48,275060000
"Oct 17, 2016",17792.5,17980.18,17980.18,17777.94,238420000
"Oct 14, 2016",17980.18,17877.11,18028.88,17877.08,319360000
"Oct 13, 2016",17877.11,17956.28,17957.55,17797.91,314850000
"Oct 12, 2016",17956.28,18073.2,18127.68,17937.8,243820000
"Oct 11, 2016",18073.2,17978.9,18143.58,17971.5,275010000
"Oct 10, 2016",17978.9,17995.16,18050.64,17927.88,270480000
"Oct 07, 2016",17995.16,18115.89,18207.07,17978.34,323730000
"Oct 06, 2016",18115.89,18200.52,18254.16,18111.1,277280000
"Oct 05, 2016",18200.52,18342.07,18342.28,18169.23,268120000
"Oct 04, 2016",18342.07,18183.52,18607.13,18183.52,414660000
"Oct 03, 2016",18183.52,17871.42,18198.9,17825.37,258770000
"Sep 30, 2016",17871.42,17864.86,17875.02,17594.58,288790000
"Sep 29, 2016",17864.86,17792.28,17964.15,17792.28,248690000
"Sep 28, 2016",17792.28,17628.71,17818.4,17616.7,216310000
"Sep 27, 2016",17628.71,17722.8,17782.41,17543.57,261420000
"Sep 26, 2016",17722.8,17923.08,17923.08,17677.16,203000000
"Sep 23, 2016",17923.08,17987.77,17991.24,17835.12,235410000
"Sep 22, 2016",17987.77,17933.88,18046.79,17933.88,223920000
"Sep 21, 2016",17933.88,17900.22,18020.46,17900.22,223150000
"Sep 20, 2016",17900.22,17889.76,17958.84,17841.12,287230000
"Sep 19, 2016",17889.76,17851.87,17951.29,17826.39,223150000
"Sep 16, 2016",17851.87,17752.05,17905.74,17722.42,723330000
"Sep 15, 2016",17752.05,17631,17762.52,17561.38,241690000
"Sep 14, 2016",17631,17661.04,17742.76,17631,255230000
"Sep 13, 2016",17661.04,17730.24,17811.93,17660.61,276860000
"Sep 12, 2016",17730.24,17894.19,17894.19,17599.14,262110000
"Sep 09, 2016",17894.19,18193.13,18193.13,17883.78,217030000
"Sep 08, 2016",18193.13,18060.24,18213.61,18047.85,279350000
"Sep 07, 2016",18060.24,18003.44,18068.78,17947.13,248040000
"Sep 06, 2016",18003.44,18025.97,18073.32,17966.67,205210000
"Sep 05, 2016",18025.97,18016.45,18093.85,17980.93,179200000
"Sep 02, 2016",18016.45,17849.63,18107.82,17772.49,329410000
"Sep 01, 2016",17849.63,17732.77,17937.52,17732.77,268290000
"Aug 31, 2016",17732.77,17847.24,17849.19,17702.37,314710000
"Aug 30, 2016",17847.24,17930.79,17964.09,17796.15,221940000
"Aug 26, 2016",17930.79,17882.85,17958.37,17822.21,191990000
"Aug 25, 2016",17882.85,18014.65,18015.47,17825.48,252620000
"Aug 24, 2016",18014.65,17982.5,18055.38,17887.33,214730000
"Aug 23, 2016",17982.5,17872.08,18031.35,17871.8,248920000
"Aug 22, 2016",17872.08,17874.1,17934.44,17805.46,183910000
"Aug 19, 2016",17874.1,17871.04,17888.43,17826.68,198690000
"Aug 18, 2016",17871.04,17758.68,17880.37,17745,216070000
"Aug 17, 2016",17758.68,17808.5,17876.77,17746.72,223370000
"Aug 16, 2016",17808.5,17929.27,18012.64,17808.5,220890000
"Aug 15, 2016",17929.27,17921.38,17961.2,17888.73,204930000
"Aug 12, 2016",17921.38,17807.56,17946.85,17802.52,251970000
"Aug 11, 2016",17807.56,17699.68,17807.56,17573.98,272460000
"Aug 10, 2016",17699.68,17687.4,17738.02,17629.48,293890000
"Aug 09, 2016",17687.4,17557.74,17690.66,17546.23,256340000
"Aug 08, 2016",17557.74,17465.35,17648.99,17464.61,259610000
"Aug 05, 2016",17465.35,17244.32,17483.77,17242.59,262330000
"Aug 04, 2016",17244.32,16997.13,17293.45,16964.45,310290000
"Aug 03, 2016",16997.13,17063.01,17081.73,16932.52,236970000
"Aug 02, 2016",17063.01,17139.21,17168.17,16906.36,270570000
"Aug 01, 2016",17139.21,17282.88,17370.36,17139.21,248750000
"Jul 29, 2016",17282.88,17252.33,17296.97,17179.83,286700000
"Jul 28, 2016",17252.33,17265.91,17390.68,17237.41,337120000
"Jul 27, 2016",17265.91,17069.1,17362.07,17067.99,257670000
"Jul 26, 2016",17069.1,17090.98,17131.28,17007.27,212980000
"Jul 25, 2016",17090.98,16983.46,17162.42,16983.46,237220000
"Jul 22, 2016",16983.46,17047.42,17086.15,16950.54,236220000
"Jul 21, 2016",17047.42,17018.89,17092.23,16876.99,255750000
"Jul 20, 2016",17018.89,16906.26,17087.03,16887.81,244980000
"Jul 19, 2016",16906.26,16867.66,16948.84,16755.45,209870000
"Jul 18, 2016",16867.66,16727.27,16952.76,16711.42,210640000
"Jul 15, 2016",16727.27,16788.04,16788.04,16565.5,212760000
"Jul 14, 2016",16788.04,16751.02,16907.41,16695.09,353060000
"Jul 13, 2016",16751.02,16807.07,16867.75,16725.81,290760000
"Jul 12, 2016",16807.07,16706.39,16935.77,16705.57,311210000
"Jul 11, 2016",16706.39,16177.75,16745.22,16177.75,299940000
"Jul 08, 2016",16177.75,15898.81,16204.92,15826.42,286160000
"Jul 07, 2016",15898.81,15669.71,15994.67,15669.71,332610000
"Jul 06, 2016",15669.71,15734.68,15736.44,15496.04,403860000
"Jul 05, 2016",15734.68,16116.7,16140.79,15646.79,372710000
"Jul 04, 2016",16116.7,16465.49,16526.94,16102.43,251960000
"Jul 01, 2016",16465.49,16271.07,16477.99,16103.91,308760000
"Jun 30, 2016",16271.07,16002.9,16271.07,15885.58,393650000
"Jun 29, 2016",16002.9,15503.06,16002.9,15503.06,439920000
"Jun 28, 2016",15503.06,14967.86,15560.23,14967.86,443600000
"Jun 27, 2016",14967.86,16088.05,16088.05,14951.64,588390000
"Jun 24, 2016",16088.05,17333.51,17333.51,15209.81,659280000
"Jun 23, 2016",17333.51,17043.54,17389.37,17043.54,280440000
"Jun 22, 2016",17043.54,16980.31,17085.29,16868.44,257480000
"Jun 21, 2016",16980.31,16959.11,16986.99,16860.05,246930000
"Jun 20, 2016",16959.11,16422.04,17010.45,16422.04,287920000
"Jun 17, 2016",16422.04,16032.04,16448.28,16032.04,545760000
"Jun 16, 2016",16032.04,16298.32,16298.32,16012.22,328220000
"Jun 15, 2016",16297.9,16232.25,16380.25,16232.25,264910000
"Jun 14, 2016",16232.25,16574.22,16574.64,16232.25,276040000
"Jun 13, 2016",16574.34,16827.45,16827.45,16574.34,227250000
"Jun 10, 2016",16827.45,17111.59,17112.24,16800.64,242530000
"Jun 09, 2016",17111.59,17177.85,17178.94,17043.12,209000000
"Jun 08, 2016",17177.85,17195.38,17231.69,17128.46,226740000
"Jun 07, 2016",17195.38,17181.76,17292.84,17177.79,226760000
"Jun 06, 2016",17181.76,17067.93,17220.52,17024.99,211490000
"Jun 03, 2016",17067.93,17076.26,17163.1,16993.98,234020000
"Jun 02, 2016",17076.26,17061.47,17077.89,16969.54,216600000
"Jun 01, 2016",17061.47,17184.73,17185.33,16997.73,235810000
"May 31, 2016",17184.73,17232.26,17260.97,17176.92,317430000
"May 27, 2016",17232.26,17192.83,17232.26,17164.77,187550000
"May 26, 2016",17192.83,17232.64,17255.78,17161.98,216770000
"May 25, 2016",17232.64,17135.67,17260.33,17135.08,257100000
"May 24, 2016",17135.67,17031.74,17135.67,16954.91,231280000
"May 23, 2016",17031.74,16922.06,17053.39,16908.51,243400000
"May 20, 2016",16922.06,16730.11,16922.06,16730.11,238970000
"May 19, 2016",16730.11,16881.24,16881.51,16706,265320000
"May 18, 2016",16881.24,16845.08,16881.39,16739.82,246260000
"May 17, 2016",16845.08,16699.32,16897.26,16699.32,216330000
"May 16, 2016",16699.32,16650.3,16703.51,16611.77,156120000
"May 13, 2016",16650.3,16659.87,16659.87,16547.69,426230000
"May 12, 2016",16659.87,16720.75,16778.29,16631.8,227700000
"May 11, 2016",16720.75,16724.42,16737.71,16662.35,213930000
"May 10, 2016",16724.42,16687.06,16811.6,16681.25,220200000
"May 09, 2016",16687.06,16648.76,16793.08,16648.76,227150000
"May 06, 2016",16648.76,16661.7,16711.64,16583.71,220210000
"May 05, 2016",16661.7,16659.44,16768.12,16635.93,213310000
"May 04, 2016",16659.44,16730.09,16732.84,16628.61,224840000
"May 03, 2016",16730.09,16801.55,16852.66,16718.19,286090000
"Apr 29, 2016",16801.55,17066.45,17066.9,16801.55,309010000
"Apr 28, 2016",17066.45,17083.71,17083.71,16950.81,243080000
"Apr 27, 2016",17083.71,16945.49,17104.24,16929.94,224430000
"Apr 26, 2016",16945.49,16965.68,17011.08,16922.22,212940000
"Apr 25, 2016",16965.68,16871.46,17000.16,16853.37,196040000
"Apr 22, 2016",16871.46,16979.44,16983.17,16866.36,871730000
"Apr 21, 2016",16979.44,17017.98,17048.13,16925.77,237270000
"Apr 20, 2016",17017.98,17044.25,17046.62,16963.12,230970000
"Apr 19, 2016",17044.25,16889.75,17115.32,16889.03,263180000
"Apr 18, 2016",16889.75,16910.82,16924.85,16776.74,195780000
"Apr 15, 2016",16910.82,17001.4,17038.39,16883.61,220330000
"Apr 14, 2016",17001.4,17047.96,17071.23,16975.92,217290000
"Apr 13, 2016",17047.96,16795.3,17047.96,16794.49,242420000
"Apr 12, 2016",16795.3,16778.81,16795.3,16706.18,205640000
"Apr 11, 2016",16778.81,16829.72,16858.1,16760.7,181210000
"Apr 08, 2016",16829.72,16714.23,16875.93,16702.86,203660000
"Apr 07, 2016",16714.23,16866.11,16920.58,16692.21,210260000
"Apr 06, 2016",16866.11,16725.59,16872.83,16725.59,202900000
"Apr 05, 2016",16725.59,16845.64,16845.64,16689.73,205990000
"Apr 04, 2016",16845.64,16843.68,16908.83,16813.74,198980000
"Apr 01, 2016",16843.68,16926.12,16926.12,16723.84,228630000
"Mar 31, 2016",16926.12,16974.95,16977.71,16885.17,223230000
"Mar 30, 2016",16974.95,16756.32,16994.19,16756.32,221970000
"Mar 29, 2016",16756.32,16674.35,16756.32,16669.73,199280000
"Mar 24, 2016",16674.35,16864.64,16865.31,16670.98,223830000
"Mar 23, 2016",16864.64,16903.93,16955.41,16836.07,249740000
"Mar 22, 2016",16903.93,16862.83,16903.93,16732.06,251330000
"Mar 21, 2016",16862.83,16901.32,16975.69,16833.24,267200000
"Mar 18, 2016",16901.32,16849.01,16948.1,16829.33,696940000
"Mar 17, 2016",16849.01,16752.8,16875.56,16673.11,274890000
"Mar 16, 2016",16752.8,16634.76,16789.93,16634.76,285370000
"Mar 15, 2016",16634.76,16693.1,16698.8,16618.91,250610000
"Mar 14, 2016",16693.1,16595.25,16733.39,16595.06,199560000
"Mar 11, 2016",16595.25,16385.16,16617.88,16385.16,235330000
"Mar 10, 2016",16385.16,16591.61,16712.95,16385.16,311330000
"Mar 09, 2016",16591.61,16654.03,16656.93,16564.52,264010000
"Mar 08, 2016",16654.03,16831.43,16831.81,16639.95,248020000
"Mar 07, 2016",16831.43,16931.19,16983.04,16795.21,247740000
"Mar 04, 2016",16931.19,16745.64,16932.7,16745.64,282840000
"Mar 03, 2016",16745.64,16728.97,16799.18,16672.16,268670000
"Mar 02, 2016",16728.97,16789.49,16880.62,16672.92,274580000
"Mar 01, 2016",16789.49,16603.08,16789.49,16603.08,292520000
"Feb 29, 2016",16603.08,16567.04,16603.08,16445.46,342160000
"Feb 26, 2016",16567.04,16399.07,16604.4,16399.07,236200000
"Feb 25, 2016",16399.07,16117.5,16435.58,16117.5,251270000
"Feb 24, 2016",16117.5,16229.2,16230.05,16061.19,306440000
"Feb 23, 2016",16229.2,16288.8,16336.58,16209.24,252410000
"Feb 22, 2016",16288.8,16158.06,16350.87,16158.06,240170000
"Feb 19, 2016",16158.06,16176.75,16225.37,16069.16,210280000
"Feb 18, 2016",16176.75,16156.33,16242.73,16095.6,258480000
"Feb 17, 2016",16156.33,15702.29,16161.68,15699.01,268250000
"Feb 16, 2016",15702.29,15728.1,15822.98,15648.28,244800000
"Feb 15, 2016",15728.1,15431.31,15764.08,15431.31,262160000
"Feb 12, 2016",15431.31,15178.8,15462.37,15175.6,314600000
"Feb 11, 2016",15178.8,15512.54,15512.54,15142.31,292590000
"Feb 10, 2016",15512.54,15316.93,15644.59,15316.71,263080000
"Feb 09, 2016",15316.93,15497.99,15566.02,15203.9,314460000
"Feb 08, 2016",15497.99,16002.28,16023.8,15471.87,303530000
"Feb 05, 2016",16002.28,16086.73,16251.96,16002.28,289360000
"Feb 04, 2016",16086.73,15992.42,16156.42,15913.27,285010000
"Feb 03, 2016",15992.42,16299.68,16300.98,15896.44,288340000
"Feb 02, 2016",16299.68,16489.26,16491.74,16228.84,283980000
"Feb 01, 2016",16489.26,16487.72,16562.18,16373.22,247040000
"Jan 29, 2016",16487.72,16196.55,16487.72,16196.55,307050000
"Jan 28, 2016",16196.55,16280.98,16347.24,16136.35,306960000
"Jan 27, 2016",16280.98,16182.86,16280.98,16105.38,242910000
"Jan 26, 2016",16179.02,16146.98,16190.94,15945.1,252100000
"Jan 25, 2016",16146.98,16127.99,16198.49,16070.48,209420000
"Jan 22, 2016",16127.99,15833.56,16134.6,15833.56,272000000
"Jan 21, 2016",15833.56,15641.01,15847.03,15635.93,308630000
"Jan 20, 2016",15641.01,16114.56,16114.56,15603.13,294240000
"Jan 19, 2016",16114.56,15958.81,16192.38,15958.81,273150000
"Jan 18, 2016",15958.81,16160.6,16225.28,15952.32,266180000
"Jan 15, 2016",16160.6,16413.27,16472.49,16082.39,320430000
"Jan 14, 2016",16413.27,16695.77,16696.3,16326.9,344360000
"Jan 13, 2016",16695.77,16687.91,16812.65,16673.58,321440000
"Jan 12, 2016",16687.91,16658.32,16806.77,16658.32,302280000
"Jan 11, 2016",16658.32,16732.66,16746.34,16643.66,264720000
"Jan 08, 2016",16732.66,16792.22,16948.75,16732.66,239580000
"Jan 07, 2016",16792.22,17058.98,17058.98,16634.31,292730000
"Jan 06, 2016",17058.98,17205.03,17205.57,16953.64,283070000
"Jan 05, 2016",17205.03,17122.15,17223.04,17101.06,232780000
"Jan 04, 2016",17122.15,17429.82,17431.78,17082.68,241300000
